32|417
33|308
82|3975
87|15333
118|107
123|139524
157|1052
175|48
228|233
231|228
240|101494
271|2932
308|33
315|44851
340|1843
349|327
378|400
384|53508
389|11355
389|12818
389|12824
389|12887
389|25248
391|9221
397|389
400|9792
400|33091
429|2157
479|30790
483|459
492|973
492|4407
492|5284
492|11112
492|13820
502|511
505|47
511|8391
548|177735
549|109401
551|85832
553|50910
553|52300
553|89807
553|129505
589|50032
713|8275
720|89802
723|1103
725|72352
735|77
737|58458
773|38794
773|50913
773|138751
777|3795
779|280
803|49832
819|14415
821|94891
839|3998
853|81422
870|5113
900|11355
919|919
945|52792
970|24994
973|492
993|220
995|7112
1022|7847
1032|3974
1043|297
1054|720
1058|1101
1071|88
1083|94818
1087|9151
1088|1101
1103|41150
1152|9731
1152|44795
1270|34130
1311|7802
1379|1551
1422|75855
1440|77
1453|4302
1479|33834
1492|15538
1494|5335
1494|5373
1504|72055
1522|2715
1544|1549
1544|73931
1559|145
1593|120908
1597|1270
1701|1715
1702|15702
1719|4452
1722|48359
1782|1793
1805|10438
1843|18105
1843|134758
1902|308
1913|220
1920|349
1940|59718
1944|2319
1978|480
1980|28957
1984|4475
2123|2982
2130|459
2144|5817
2149|9313
2149|9325
2157|100433
2175|13808
2177|34570
2178|49147
2179|17004
2179|129920
2198|99
2201|48
2201|23843
2211|2210
2247|21538
2280|88
2280|22470
2294|2320
2301|713
2308|15374
2337|24238
2350|2353
2371|23195
2373|13251
2373|20718
2373|138488
2374|23477
2374|44543
2377|28737
2402|33121
2402|111535
2402|154350
2419|22708
2421|1270
2451|12992
2493|12549
2520|349
2523|1301
2527|1880
2554|108745
2571|2479
2580|14957
2591|57057
2739|151770
2753|21979
2757|88
2787|43580
2837|104480
2871|2819
2885|102737
2889|2898
2890|2900
2898|3007
2899|38015
2899|101987
2900|2921
2908|102132
2908|170974
2919|248
2941|3489
2943|752
2949|97742
2958|1320
3007|2898
3024|5335
3027|5380
3042|122599
3053|9205
3103|81
3115|25558
3125|3113
3134|1322
3144|15732
3182|231
3228|13537
3239|142304
3255|20793
3255|110903
3273|5799
3278|124734
3290|23323
3290|45823
3290|58340
3320|57031
3331|3394
3341|70480
3347|15120
3359|477
3359|42354
3359|87004
3370|220
3380|34820
3417|41801
3441|159483
3449|37139
3489|2941
3524|47470
3533|3353
3533|13808
3533|35722
3533|35723
3547|38804
3584|29978
3593|51174
3711|3711
3714|1877
3733|19844
3735|1270
3740|3757
3740|20171
3752|121739
3758|78418
3759|179590
3770|3730
3778|3723
3779|38
3780|29159
3784|1431
3794|15155
3799|32407
3814|177431
3847|5040
3847|9919
3857|3853
3871|45
3875|105840
3882|15934
3885|10475
3885|14522
3922|22027
3945|1390
3959|12193
3970|434
3972|29504
3972|108809
3975|80
3988|2014
3991|175810
3995|22740
3998|88
3998|3998
3998|13808
3998|79299
4029|7215
4099|142290
4115|18717
4142|18125
4172|4025
4177|4182
4180|7783
4182|4159
4182|4177
4183|1988
4205|92287
4208|3188
4208|3549
4208|7937
4208|8209
4215|88
4270|485
4272|9091
4304|4349
4307|25883
4317|1483
4320|90515
4322|23399
4345|511
4352|42420
4371|13147
4374|11179
4380|8381
4380|13808
4380|50901
4394|158097
4407|2014
4440|323
4452|1719
4492|11450
4493|417
4493|1319
4497|4492
4504|389
4509|7151
4514|4515
4514|4531
4515|4514
4520|18322
4520|45195
4522|4540
4524|7217
4528|4570
4528|7171
4537|7171
4554|4514
4554|121174
4558|82432
4559|4535
4570|4487
4570|4543
4570|7171
4570|18352
4570|22380
4570|34000
4572|4570
4572|77979
4580|1002
4598|194
4705|51
4727|4515
4734|18873
4813|24549
4824|1315
4830|2941
4830|3547
4839|120201
4889|42123
4893|39522
4917|28975
4920|32
4927|3748
4958|9947
4987|27814
4993|22770
4995|48350
5008|12899
5027|44220
5058|4259
5078|11588
5083|327
5112|3020
5120|173474
5123|14907
5123|27484
5137|3972
5137|18018
5137|30324
5137|40188
5137|103545
5143|5155
5143|75598
5143|83538
5155|88
5155|323
5155|3972
5155|3994
5155|14945
5175|1231
5184|80111
5192|220
5192|18325
5192|90243
5211|109382
5214|5185
5280|14945
5281|88
5281|459
5281|3571
5281|7803
5281|95975
5282|8711
5283|13820
5284|492
5298|3353
5308|5450
5322|5319
5344|35999
5354|25482
5355|220
5380|1494
5383|220
5383|12574
5403|27853
5435|17004
5437|55805
5444|43383
5459|1553
5475|13252
5479|5491
5494|42894
5505|124842
5537|94713
5552|24941
5558|55075
5704|17147
5719|17778
5799|3273
5799|5859
5799|7340
5804|5817
5817|42410
5820|291
5843|17540
5843|20084
5858|17518
5859|5843
5891|88
5891|81181
5914|25907
5921|47009
5952|7771
5958|94289
5971|39538
7012|29555
7013|108198
7018|9313
7025|31319
7030|23123
7098|87273
7104|13747
7111|7234
7114|11355
7114|52277
7133|71430
7133|92839
7137|7214
7137|22404
7140|4525
7144|12937
7149|7230
7149|104303
7151|7230
7153|7222
7171|4528
7185|2320
7192|88
7194|7151
7234|7111
7234|117524
7237|23955
7238|42831
7244|7315
7244|13808
7271|71833
7298|4385
7304|459
7307|42432
7308|5799
7320|18957
7321|5804
7340|37298
7347|43549
7354|88
7442|2193
7477|50403
7490|88
7501|4177
7501|93334
7505|51170
7523|13813
7570|85034
7578|30742
7719|2218
7757|139109
7785|44594
7789|7808
7790|400
7795|82150
7798|7800
7801|12159
7801|89734
7802|31325
7807|14733
7807|90303
7811|22451
7824|1478
7835|7835
7847|4700
7851|39980
7858|14095
7878|503
7894|13820
7913|957
7919|90777
7931|7934
7934|7931
7942|5704
7955|317
8013|15205
8051|8089
8052|44435
8070|43371
8071|8055
8073|93502
8084|8099
8088|8073
8099|8084
8123|2417
8123|4259
8123|11029
8192|20470
8193|13495
8201|12058
8202|220
8202|8199
8209|519
8219|421
8247|713
8252|3114
8253|14420
8292|400
8312|147994
8322|349
8374|42182
8387|3571
8391|511
8391|43725
8410|2243
8418|32438
8438|23780
8454|30355
8501|17778
8517|17970
8522|88
8592|10817
8713|33749
8714|400
8734|8740
8740|9021
8771|8771
8773|8758
8832|50218
8835|27741
8835|57105
8835|77555
8839|8758
8855|8889
8855|110223
8884|72037
8897|88
8902|134319
8904|87721
8958|8593
8970|8745
8983|75221
8989|9025
8989|19932
8993|110223
9021|8740
9021|8785
9021|8943
9021|8989
9021|10817
9021|38819
9021|49740
9021|50270
9021|50277
9021|57304
9021|71888
9021|75891
9021|80492
9021|103181
9021|110932
9021|134333
9021|170333
9025|43925
9034|50218
9034|134319
9080|19992
9099|18550
9127|383
9179|9189
9179|27857
9189|9179
9191|3024
9199|23309
9207|3215
9212|9205
9217|511
9217|51472
9218|5335
9218|5459
9218|14723
9218|37752
9220|35728
9235|1554
9252|9100
9288|9288
9288|43525
9295|8498
9298|144335
9300|9283
9304|21718
9310|2177
9313|2149
9330|22221
9330|39472
9331|32532
9341|42208
9348|25934
9377|84805
9392|9404
9398|12751
9399|20718
9450|1495
9454|18209
9492|47319
9704|13893
9704|14893
9784|19270
9792|54275
9800|9352
9822|109007
9850|30521
9853|10232
9858|389
9858|12777
9877|158097
9883|115042
9920|8942
9924|120978
9932|81
9932|98992
9939|10023
9941|31184
9941|94874
9952|93147
9997|3308
9997|77391
10091|894
10091|9097
10091|11329
10091|27518
10091|98043
10110|9903
10115|9484
10119|2517
10154|9887
10171|995
10179|88
10179|9903
10179|11597
10179|40377
10179|88798
10185|1298
10190|17012
10194|11904
10194|181078
10209|9838
10217|18775
10217|47157
10219|75458
10225|3998
10225|13812
10230|54852
10238|50419
10273|158344
10284|41792
10314|49218
10329|322
10334|487
10357|2177
10381|144129
10382|7437
10385|550
10403|115125
10411|327
10411|133530
10444|85589
10458|23181
10473|7259
10474|42410
10475|97328
10701|77904
10708|7801
10712|4259
10741|119850
10741|123084
10748|21423
10750|23431
10789|5951
10789|5959
10817|9021
10858|105793
10878|14454
10879|14454
10880|14454
10905|407
10931|10928
10941|10901
10979|88
11014|7845
11021|70037
11039|88
11057|107591
11072|32508
11114|29398
11179|4374
11185|41185
11193|23422
11204|11240
11211|11193
11223|17871
11223|19258
11233|11209
11252|14133
11257|88
11315|11341
11315|14844
11320|12818
11324|21407
11334|18901
11341|18901
11355|389
11355|7114
11358|503
11377|18325
11393|11315
11397|12818
11413|11441
11420|88
11424|88
11453|88
11519|50552
11521|2373
11530|12473
11542|49128
11573|339
11577|50521
11708|1270
11714|32243
11743|58825
11777|11355
11795|3752
11817|118480
11818|35204
11832|1597
11844|220
11852|88
11857|88
11892|92312
11917|531
11953|492
11972|81040
11990|135344
11991|13809
11991|21949
11991|98204
12023|180857
12038|349
12038|409
12054|12054
12054|19881
12055|93519
12079|12080
12083|24902
12122|531
12158|3374
12193|3959
12193|12318
12232|21814
12274|2080
12344|82019
12347|122242
12385|3998
12387|12423
12404|12423
12424|24084
12442|12408
12498|23759
12545|99
12557|14840
12559|5437
12570|5335
12574|12578
12584|1285
12594|88231
12732|4259
12741|151520
12745|8303
12751|9398
12751|89805
12751|105731
12815|25248
12818|12937
12824|389
12824|459
12875|4328
12879|10179
12887|389
12887|12818
12888|389
12891|12810
12892|389
12912|12904
12927|18319
12928|9100
12928|10179
12928|42907
12931|9903
12944|12922
12945|4543
13077|15538
13092|14355
13092|28980
13093|174514
13103|13103
13123|12870
13127|37428
13134|39410
13142|10174
13159|14355
13225|11481
13235|43347
13235|151193
13239|10093
13251|2373
13275|2177
13277|14945
13318|75535
13348|349
13374|3998
13378|459
13383|4304
13383|8005
13383|23200
13400|7284
13409|55532
13427|143411
13455|4259
13520|327
13528|10701
13700|389
13700|10179
13700|18325
13700|32141
13722|13820
13733|10755
13738|21288
13749|27217
13773|13808
13782|17145
13785|27311
13790|8209
13802|188
13808|4380
13808|47710
13808|54258
13808|70782
13808|92274
13820|492
13820|5082
13854|13808
13854|15821
13854|23399
13854|47510
13881|13913
13890|3808
13893|9704
13899|18018
13900|70497
13912|88
13912|32381
14000|1101
14011|14023
14019|14039
14089|88
14140|17207
14227|14228
14233|14311
14238|3592
14241|459
14251|3929
14272|3900
14272|22339
14289|14299
14298|22145
14317|14454
14349|14337
14412|117852
14415|819
14470|91143
14528|147289
14588|49154
14588|57105
14593|30299
14721|2014
14721|13820
14723|2271
14728|5437
14728|37759
14747|27278
14755|88
14779|7797
14781|32203
14793|78841
14794|2177
14794|2353
14821|18351
14825|32104
14828|18872
14833|37477
14837|459
14853|25250
14859|17970
14889|12823
14889|24917
14889|118781
14890|9100
14907|89805
14917|80590
14945|25907
14945|32238
14957|22380
14957|92175
14971|503
14984|29773
14998|13284
15023|220
15047|133495
15049|13778
15077|43004
15118|980
15121|15119
15127|95404
15133|3347
15133|90821
15145|11991
15179|1230
15184|92785
15202|35403
15210|511
15210|8391
15210|20385
15210|147024
15214|973
15214|24704
15217|459
15231|77194
15247|3212
15277|4033
15284|30281
15294|11311
15294|14829
15294|75327
15294|92424
15310|10053
15310|24923
15319|387
15327|15322
15333|87
15348|15701
15353|327
15400|112153
15434|154738
15435|15425
15450|15444
15473|15528
15483|88
15483|35383
15508|21543
15517|2941
15527|15521
15702|89802
15707|31148
15774|44308
15791|24570
15799|15794
15812|141009
15828|21719
15831|980
15847|8381
15849|2177
15922|408
15930|78894
15940|88
15972|43705
15975|553
17024|34433
17031|2138
17051|7087
17075|125921
17152|10911
17155|13074
17155|17141
17155|48201
17155|93990
17155|148150
17172|85199
17175|18431
17185|12751
17193|2332
17199|14485
17207|11053
17207|50945
17279|349
17332|130884
17334|13889
17351|102794
17373|17383
17378|1805
17382|88
17382|103447
17383|17373
17412|2752
17413|45
17413|80
17499|7340
17527|3549
17527|5813
17527|43539
17538|88
17540|17513
17580|30414
17599|30308
17738|21459
17821|4239
17883|48230
17888|35941
17902|980
17902|7937
17932|17950
17939|21507
17944|19301
17944|54973
17944|145893
17945|17948
17991|23423
18018|15794
18028|18028
18042|7783
18044|9972
18094|52199
18150|979
18189|89784
18192|13574
18194|37443
18203|4344
18209|9454
18282|88
18285|220
18298|100151
18305|118383
18308|3372
18313|81422
18343|529
18351|14821
18352|12751
18353|47702
18358|1988
18379|80429
18380|19931
18413|80429
18439|58952
18472|10025
18484|19192
18487|2138
18491|15823
18508|18511
18511|1988
18551|18557
18575|27155
18580|29400
18589|1101
18701|5082
18740|3972
18771|18780
18780|18773
18895|12924
18901|11341
18921|88
18934|815
18981|27799
18994|21705
19003|12983
19007|97044
19015|2941
19028|781
19029|171344
19043|14454
19051|7429
19072|15401
19080|93158
19081|157978
19102|1880
19130|29313
19135|58451
19138|3419
19178|10179
19178|28973
19190|10179
19192|8005
19210|2417
19218|9919
19224|19224
19234|39410
19258|2153
19284|73871
19289|327
19302|97823
19308|42574
19324|19332
19475|19444
19570|11711
19593|5113
19805|2153
19808|34294
19843|28711
19848|139914
19855|80574
19883|3228
19890|12352
19923|115407
19928|125282
19970|105558
20012|20007
20024|3115
20038|41740
20047|7325
20048|123352
20072|11714
20117|89452
20120|92293
20130|42700
20141|29880
20159|22818
20159|43597
20171|3740
20178|89784
20187|20198
20187|28919
20238|87728
20245|20187
20273|18352
20281|85215
20295|173311
20299|145710
20302|81578
20342|159575
20359|25440
20372|11389
20385|3998
20385|23399
20385|30097
20385|38795
20387|459
20391|149753
20400|58829
20400|151279
20421|73458
20431|20433
20442|77
20470|8192
20479|4182
20479|74500
20483|120214
20513|4597
20525|8049
20525|78004
20535|90143
20553|22772
20597|14805
20718|44500
20750|27144
20849|72135
20878|20080
20899|980
20920|14075
20922|21720
20922|47821
20922|58979
20922|89250
20923|87321
20937|28137
20949|53883
20955|128418
20971|30831
20971|31709
20971|31750
20971|58713
20971|59245
21007|88
21019|21045
21033|37832
21042|37832
21097|58159
21122|4570
21132|11711
21154|8510
21178|145215
21184|2480
21207|3114
21239|13735
21240|108119
21287|21270
21288|13720
21297|349
21327|27518
21351|44183
21388|22450
21400|11777
21402|44303
21410|34288
21432|3374
21441|95592
21444|24192
21450|8005
21455|13102
21455|37233
21457|14134
21510|79230
21527|12297
21585|21585
21587|12928
21587|97812
21589|2138
21594|2138
21709|109425
21718|33471
21757|13139
21759|4259
21815|88
21819|21832
21819|101219
21842|55495
21844|139845
21854|991
21885|49473
21894|21901
21901|21894
21920|93919
21925|548
21925|1880
22034|3323
22113|42894
22145|22327
22188|7782
22200|4225
22211|21143
22221|88
22221|4225
22221|12022
22221|39472
22277|2308
22283|22297
22301|78742
22324|22307
22339|3933
22339|14272
22339|112424
22345|349
22357|82432
22377|138547
22380|511
22380|4570
22380|29143
22380|115047
22399|83432
22413|44227
22421|22412
22429|4515
22429|7151
22450|29143
22450|44283
22450|89512
22450|115030
22450|115044
22470|2280
22470|32508
22470|42907
22470|93178
22472|349
22512|5383
22544|22548
22593|2071
22701|2517
22705|88
22717|88
22740|88
22740|22758
22747|20111
22759|53405
22779|22779
22794|20117
22794|22797
22817|22823
22877|88753
22885|1390
22888|32222
22918|3872
22951|12259
22977|88
22977|39889
22997|5281
22997|7501
23028|123795
23035|88
23053|87570
23098|92437
23101|3319
23105|1443
23117|49832
23135|299
23184|14199
23185|8714
23198|12040
23200|13383
23203|88
23203|23195
23204|34324
23205|105118
23214|99725
23214|110903
23224|53285
23237|11989
23298|19387
23312|43295
23318|3547
23323|3290
23344|29085
23358|13808
23358|88801
23384|88
23387|37437
23387|50949
23388|17004
23399|15210
23399|20385
23402|125225
23407|71497
23414|3008
23415|408
23422|11193
23425|14154
23489|349
23489|1988
23489|32883
23574|82591
23593|42894
23784|140458
23898|7381
23940|23979
23947|519
23949|9278
23949|100589
23975|17145
23975|23973
24030|23148
24038|24055
24055|12218
24091|12281
24121|24055
24145|20908
24215|2177
24258|24257
24279|317
24292|1945
24341|51253
24348|7930
24357|32909
24371|143
24443|117538
24458|28390
24485|27334
24511|24511
24512|59334
24549|4813
24570|15791
24597|158919
24704|14957
24730|1988
24741|18310
24812|1270
24832|1289
24837|15942
24840|13044
24841|11053
24851|13290
24877|23477
24905|9352
24922|15821
24931|7918
24932|130735
24941|110757
24974|104193
24977|24994
24983|58373
24991|95181
25008|127102
25015|30048
25018|5021
25020|9323
25070|23234
25083|817
25083|33225
25088|2014
25091|4182
25124|10703
25129|70134
25177|7112
25179|2941
25188|3755
25201|3082
25245|108134
25248|88
25248|389
25248|11355
25249|11355
25258|88
25258|773
25258|115559
25258|150520
25274|389
25312|142290
25335|25310
25339|4801
25339|25310
25349|22329
25452|112
25472|143274
25482|5354
25483|220
25483|23958
25519|23570
25524|2941
25552|143
25571|14453
25597|1415
25700|73884
25733|143844
25821|2044
25852|27205
25855|17573
25859|27205
25870|12757
25893|47307
25903|22185
25907|340
25907|5914
25949|95239
25955|2591
27089|12281
27089|27071
27095|8438
27100|18839
27135|2177
27212|98204
27239|118519
27285|15538
27311|88
27311|511
27311|553
27311|12751
27311|13785
27311|18431
27311|18487
27311|74754
27311|75083
27311|98935
27311|139797
27312|88
27328|24431
27331|1415
27380|43822
27444|173298
27484|4259
27503|88
27511|125981
27518|12937
27520|12818
27530|4
27530|302
27705|52329
27723|550
27724|417
27730|34278
27738|14575
27738|58037
27748|54384
27770|2320
27785|73914
27791|1988
27799|28950
27827|39154
27839|55595
27848|5335
27848|27859
27853|37720
27855|3024
27884|27898
27898|70853
27917|43914
27920|12748
27931|25844
27939|1317
27941|220
27957|59819
27983|11599
27983|27723
27999|34315
28035|28035
28109|40247
28114|27730
28125|40253
28128|54023
28141|23808
28183|8755
28191|220
28239|28239
28253|114157
28259|22518
28273|54282
28333|53813
28390|129924
28458|88
28458|7512
28458|30824
28478|28537
28537|28478
28559|118954
28590|885
28722|27449
28757|3002
28785|38312
28789|7195
28798|119559
28890|18901
28950|12818
28957|9107
28975|4917
28993|9107
28993|149521
29010|9107
29011|14890
29012|9107
29020|18873
29021|28951
29021|41354
29032|20385
29034|220
29095|154347
29101|53575
29120|18575
29125|88
29135|88
29135|349
29159|3780
29191|18325
29200|97971
29209|11840
29212|58407
29280|29325
29280|72419
29315|485
29315|29289
29343|21203
29351|18014
29351|29352
29354|19087
29398|11114
29417|41118
29417|44515
29417|145932
29434|48583
29442|478
29477|4794
29483|51138
29483|142148
29493|12053
29502|74372
29519|1045
29519|5500
29541|572
29597|308
29721|40245
29727|3215
29754|48977
29783|30449
29805|580
29880|20141
29899|10118
29909|59431
29934|97029
29975|19118
29978|3584
29998|88
30048|25015
30097|3549
30097|13798
30097|19258
30097|47234
30102|2548
30103|1720
30103|11498
30105|11711
30107|8202
30121|14508
30125|99
30153|511
30201|5983
30227|23399
30227|117970
30228|37173
30230|181021
30238|145053
30247|220
30277|280
30294|30297
30308|17599
30311|5989
30323|470
30338|11342
30345|148413
30355|98982
30377|327
30400|349
30404|125831
30451|88938
30451|88951
30478|220
30478|511
30480|220
30480|349
30491|30498
30498|30491
30525|9850
30534|30535
30542|280
30551|120150
30579|3393
30715|30498
30721|135425
30723|37071
30774|30757
30775|13794
30779|4938
30790|479
30832|2055
30844|28488
30852|32502
30887|5720
30887|18275
30891|5391
30937|33435
30950|7513
31073|134350
31084|28082
31084|99982
31088|14575
31130|93993
31137|88
31139|2244
31171|13798
31188|220
31188|850
31214|31719
31224|19159
31230|317
31274|99380
31283|30513
31320|38
31321|31324
31324|31321
31337|14075
31348|44838
31372|139324
31381|139009
31393|37208
31481|7549
31494|35505
31497|31510
31541|41311
31541|41313
31545|31574
31574|31545
31705|14075
31709|20971
31783|71822
31795|101151
31823|52474
31888|2350
31917|149922
31924|188
31955|39497
31992|31997
31997|32009
32003|4489
32015|94758
32041|48702
32088|27037
32101|12899
32104|10179
32105|12875
32117|15
32117|32108
32127|32108
32132|11331
32143|148443
32154|8052
32194|72458
32203|14781
32204|3998
32207|38792
32222|22888
32243|485
32243|3998
32243|11850
32247|18710
32293|9293
32314|18577
32352|103577
32359|119352
32371|150281
32414|149570
32424|13078
32432|171070
32438|17155
32479|25285
32481|28527
32502|150013
32507|572
32508|11072
32512|88
32524|53920
32528|8925
32532|9331
32534|59177
32534|107130
32577|32555
32591|17279
32592|42574
32594|15794
32702|9313
32704|178353
32723|32723
32777|59771
32849|98402
32895|957
32899|74798
32909|17141
32909|23235
32909|24357
32910|92845
32915|129757
32948|100434
32979|102591
32979|117478
32988|32979
32999|4259
33000|94233
33001|57720
33031|3340
33035|5957
33074|33199
33091|2402
33104|3191
33123|20733
33145|48342
33150|25314
33197|28713
33205|137875
33259|53108
33285|52708
33288|14588
33288|58732
33291|33305
33359|75510
33481|1042
33483|7551
33484|750
33493|51949
33517|33530
33524|33530
33713|34197
33719|87197
33723|113008
33753|127159
33784|25507
33788|88
33795|4201
33795|14454
33795|21280
33813|220
33821|88
33833|44193
33833|50230
33833|50231
33833|50244
33833|50250
33833|50251
33833|50273
33833|50282
33833|50299
33842|40121
33849|53285
33919|4378
33921|9151
33923|52122
33970|11587
33970|83913
33978|4497
33991|349
33993|4514
34000|4528
34002|4507
34002|133142
34025|27028
34049|24082
34049|45790
34099|34100
34100|34099
34218|50378
34229|34224
34248|35359
34287|19872
34287|22450
34324|23204
34333|48700
34333|52908
34333|55184
34333|98143
34353|48733
34373|177837
34381|34327
34385|88178
34387|105315
34389|27980
34389|91590
34393|34327
34433|17024
34479|39384
34484|31125
34493|19594
34497|39440
34530|21288
34542|13720
34555|152977
34555|152981
34570|4299
34583|2157
34754|132884
34820|3380
34838|11991
34838|19870
34850|78452
34853|7512
34877|34877
34888|34902
34891|143
34905|45454
34919|58539
34921|28137
34923|14577
34948|34928
34990|117424
34993|99051
35103|88
35109|95823
35114|4909
35128|20958
35142|35741
35170|121433
35185|107989
35224|2
35247|72792
35258|34512
35275|11329
35307|121310
35344|71585
35347|34512
35359|34248
35375|30225
35375|34519
35375|49179
35375|71822
35381|7783
35389|13139
35389|50947
35401|8122
35411|70709
35415|11998
35457|107301
35482|7550
35487|100099
35501|35550
35505|31494
35509|35512
35534|31290
35553|125305
35577|35509
35712|89440
35723|3533
35728|3533
35729|13798
35729|13808
35729|35722
35729|91840
35731|1988
35731|3533
35731|18400
35731|103448
35738|14570
35748|42420
35795|35795
35801|35824
35820|35828
35825|131821
35833|10033
35839|103577
35855|3549
35931|920
35993|89322
35999|5344
37019|850
37119|14015
37121|97047
37182|27518
37191|155540
37208|1988
37241|3341
37242|9258
37255|8
37271|13027
37320|20111
37355|413
37358|280
37384|25180
37423|80299
37428|13127
37480|143
37481|88
37502|20483
37503|31337
37505|27705
37532|37532
37570|2701
37574|5044
37594|180792
37595|8052
37599|8087
37714|55598
37720|5437
37722|5404
37724|14728
37737|5388
37738|1553
37739|27853
37742|3755
37745|5335
37753|3533
37758|27853
37759|102207
37798|7738
37799|51513
37803|41719
37810|10559
37821|9107
37877|30432
37878|2055
37981|142093
37993|24551
38011|42343
38014|2849
38015|2849
38020|89153
38025|2907
38028|38045
38028|103744
38029|38001
38048|38028
38052|4584
38070|3549
38185|119892
38327|3547
38344|220
38377|75448
38391|23713
38483|358
38488|44342
38542|38481
38549|80429
38575|150358
38579|20242
38580|38592
38592|38580
38599|3771
38710|112497
38727|52827
38731|38001
38748|21705
38782|105103
38814|50274
38819|8989
38819|10817
38819|33833
38819|50277
38819|110248
38835|220
38843|13808
38871|7875
38872|15291
38873|13089
38908|3215
38911|5344
38999|139254
39011|25070
39084|47509
39104|57989
39124|40253
39127|37120
39272|39240
39275|39275
39294|39253
39299|103577
39311|373
39323|39323
39324|30513
39384|15741
39410|19234
39418|39410
39483|88
39528|141398
39583|1483
39583|39574
39719|22821
39772|2014
39777|50052
39779|13222
39782|5079
39828|484
39852|317
39855|52199
39874|28715
39885|92274
39885|110170
39889|18142
39893|21581
39897|23205
39948|327
40033|4059
40051|15
40072|29773
40121|19477
40125|33387
40134|113283
40135|2080
40190|40188
40221|235
40225|2849
40228|197
40228|14957
40229|55495
40245|8283
40245|29721
40282|179984
40299|14589
40312|4911
40325|40328
40328|40325
40343|1828
40383|4934
40407|143453
40408|14842
40474|32948
40494|34873
40513|919
40522|104071
40575|1270
40701|21119
40727|9448
40730|220
40744|17518
40744|43310
40744|43541
40757|174742
40758|920
40773|27180
40780|88
40780|57917
40793|110880
40802|5833
40812|88
40817|44795
40822|7942
40838|5859
40838|57778
40845|20878
40878|1988
40933|29538
40957|220
40975|70491
40978|142593
40982|29578
40984|40973
40987|773
41001|21920
41012|1988
41089|19844
41095|39874
41158|7230
41189|70049
41190|23003
41203|154135
41227|1988
41227|3998
41254|154509
41257|10859
41270|41247
41300|51522
41312|31570
41354|9100
41402|18575
41507|349
41518|15798
41531|9104
41573|1988
41575|3549
41595|2237
41725|11095
41725|43554
41740|37820
41790|9858
41791|12824
41792|4304
41792|10179
41792|10284
41797|27501
41828|88
41828|10179
41944|33833
42037|57759
42138|32939
42170|21949
42172|3547
42172|13808
42172|15489
42172|35729
42172|92274
42172|118493
42177|42173
42177|49470
42179|42173
42185|17115
42191|112135
42235|2280
42245|19913
42245|38120
42245|42242
42272|49574
42311|531
42314|4504
42324|10214
42329|5949
42335|9351
42343|3997
42343|38034
42370|2153
42388|42388
42394|12875
42401|118818
42425|84924
42475|4385
42491|17188
42510|101837
42511|98554
42595|17133
42598|152045
42708|91501
42720|88
42729|370
42729|8021
42729|122280
42734|125479
42741|42354
42744|15823
42747|42728
42748|83714
42775|27738
42777|1854
42778|979
42791|4080
42797|98439
42812|124191
42842|88
42845|144114
42894|1082
42894|5494
42907|18882
42907|28951
42907|80920
42907|171858
42908|93120
42947|511
42977|145837
42984|7783
42984|17155
42992|3419
43002|485
43004|15077
43024|1988
43088|39889
43129|27531
43179|43143
43188|88
43189|119181
43203|3543
43210|88
43210|87049
43278|118732
43284|43300
43285|43295
43307|3549
43312|459
43347|13235
43371|8070
43390|43402
43397|23931
43397|43414
43397|182077
43405|175297
43414|43397
43415|43391
43442|24923
43442|40239
43445|19315
43479|1019
43482|88
43491|120979
43525|9288
43539|81181
43545|110370
43549|7347
43549|20053
43549|57808
43554|15788
43554|41733
43597|1045
43597|72320
43720|291
43720|1988
43720|24239
43725|29588
43725|45948
43725|179221
43759|88
43795|519
43800|43797
43811|13222
43824|2995
43841|28298
43848|78114
43870|22819
43874|43875
43923|2119
43925|9025
43935|34512
44051|44029
44119|22734
44119|88392
44154|20327
44193|33833
44209|7340
44255|104
44303|52309
44304|10179
44304|12891
44304|52197
44308|9108
44308|10179
44308|15774
44344|14572
44344|40797
44374|17117
44435|8099
44483|1988
44483|99371
44500|20718
44502|44502
44538|89855
44580|87520
44594|7785
44702|7274
44725|3549
44728|3419
44759|20033
44773|72193
44801|132958
44811|220
44814|88
44854|3549
44870|10482
44892|44893
44925|18717
44954|14558
44954|53222
44999|349
45082|45070
45088|1988
45089|41875
45199|37049
45202|1837
45203|349
45230|220
45242|88
45279|45302
45280|109735
45289|42427
45297|120415
45298|109723
45309|45291
45311|45287
45312|109755
45391|1988
45407|110444
45419|35304
45419|57514
45443|45439
45504|103782
45538|349
45577|519
45584|45585
45719|10592
45729|12507
45729|38377
45755|12281
45832|17538
45833|110370
45841|4378
45853|20848
45947|7735
45948|124804
45997|45894
47005|3549
47007|55387
47009|5921
47014|34278
47015|113395
47030|29805
47035|80882
47077|117523
47107|48977
47184|13074
47184|17137
47184|47258
47192|2179
47198|91352
47213|103249
47217|139720
47239|3549
47248|42432
47248|47214
47251|84902
47258|47184
47270|10247
47272|13275
47275|42354
47280|37454
47291|503
47303|7307
47307|59797
47319|9492
47347|31390
47347|154844
47442|11035
47470|58234
47471|23
47492|47510
47504|8409
47515|47505
47515|93318
47518|5335
47529|2287
47530|150525
47579|179784
47593|114783
47700|88
47702|79754
47710|220
47717|1945
47719|220
47748|3995
47759|3998
47789|548
47799|87095
47809|213
47821|20922
47822|77548
47842|173729
47878|15120
47881|103521
47927|12818
47999|43594
48022|22449
48050|14934
48059|47014
48084|2177
48084|14525
48154|48152
48154|93793
48181|48188
48207|150302
48214|13093
48229|109340
48259|12177
48259|23570
48271|50103
48290|1854
48299|100554
48302|48312
48325|177985
48350|4995
48352|2153
48375|83741
48385|24070
48403|2084
48403|12498
48419|17518
48439|220
48449|2148
48455|5948
48485|5948
48487|22408
48527|48524
48535|4437
48555|75441
48577|11555
48588|220
48588|4432
48745|130309
48749|49418
48750|52908
48751|49482
48795|171573
48851|88
48901|152870
48977|29754
48982|43197
49022|41954
49031|20122
49055|149903
49081|1997
49089|492
49089|49144
49108|15219
49128|11542
49138|511
49141|14957
49154|21109
49154|57105
49179|37502
49194|309
49207|308
49287|42994
49289|82079
49349|7937
49351|97102
49372|27145
49381|49383
49383|49381
49388|95142
49389|102943
49397|157845
49418|48749
49425|150281
49431|49381
49442|49411
49458|34354
49494|27989
49507|33794
49510|49430
49547|88
49571|49572
49572|49571
49590|112432
49717|50218
49740|9021
49814|13278
49825|13879
49830|8471
49830|24384
49832|23117
49841|18313
49854|109582
49877|531
49884|88
49897|588
49898|519
49934|7274
49974|10252
49988|920
50002|49992
50021|3492
50049|973
50055|132433
50083|50084
50097|1988
50103|511
50103|48271
50112|5137
50185|3298
50185|4428
50185|11349
50185|43478
50191|1880
50211|3810
50217|88
50218|8855
50218|9034
50218|50244
50219|5137
50228|8959
50228|9021
50228|134319
50231|33833
50231|50250
50233|85018
50242|33833
50242|50237
50242|107891
50244|33833
50250|8989
50250|50231
50250|50288
50250|71585
50250|72049
50273|7590
50273|33833
50277|38819
50291|33833
50297|82945
50305|101837
50308|37503
50308|118534
50311|80731
50315|57097
50325|38815
50328|9021
50328|40555
50388|88
50388|50389
50390|50388
50403|73099
50405|459
50408|10423
50408|29029
50472|50471
50531|15710
50531|52813
50552|11519
50589|25128
50725|50544
50742|3808
50742|3998
50742|7012
50742|27738
50743|13799
50751|20391
50754|9798
50782|47985
50788|141815
50802|381
50823|9735
50824|1880
50845|492
50887|88
50910|553
50915|15210
50927|17155
50939|10742
50940|5155
50940|113779
50945|13092
50994|3340
51004|24514
51005|11977
51034|23103
51071|12477
51071|45729
51121|139371
51131|52077
51135|2177
51135|4289
51135|13798
51141|2280
51178|11714
51197|10894
51202|2188
51224|13284
51230|21485
51235|19112
51245|139214
51253|24341
51274|14721
51288|178105
51289|10179
51289|25258
51289|25907
51289|81209
51289|103451
51289|127859
51289|158400
51291|24238
51310|1205
51322|339
51395|597
51400|2517
51413|99533
51424|88
51434|88
51458|102841
51488|88
51489|51483
51513|37799
51523|78408
51524|114955
51530|70380
51531|1945
51541|15299
51591|173980
51712|80819
51715|35304
51782|55539
51789|103509
51807|24583
51849|11118
51849|32247
51949|33493
52094|125982
52140|2417
52150|34315
52171|503
52171|137939
52189|41792
52192|12891
52194|10179
52194|41808
52199|12891
52199|41812
52199|124787
52238|27484
52259|4929
52277|7114
52280|7114
52291|12922
52293|10179
52293|32118
52302|9107
52309|12810
52335|177500
52375|515
52387|51731
52399|231
52407|2872
52455|157109
52470|20483
52490|52475
52554|3292
52571|82971
52708|33285
52713|387
52729|5245
52732|99
52753|349
52770|515
52791|57892
52840|101942
52848|55242
52875|84
52882|42177
52897|49434
52897|52882
52897|90083
52905|34333
52905|52882
52905|52897
52905|52908
52905|53331
52905|155414
52908|13808
52908|34333
52908|48750
52908|52135
52908|52905
52908|52941
52908|77539
52908|80792
52908|107830
52919|42173
52922|52135
52940|349
52940|52030
52941|52908
53039|53044
53044|53048
53048|80479
53071|27723
53151|41218
53243|114027
53248|39130
53285|19913
53285|33849
53285|35109
53287|8795
53302|20483
53321|79052
53354|53285
53377|57137
53420|11792
53449|25934
53483|35248
53490|4905
53508|384
53508|38290
53517|32315
53519|27370
53529|33810
53542|88
53550|74312
53575|29101
53575|100103
53575|121415
53575|121423
53575|121431
53579|90778
53581|53575
53588|443
53592|2179
53723|85108
53748|53770
53788|53731
53801|53780
53822|91430
53831|104774
53880|142890
53883|20949
53920|179828
53930|73709
53944|13820
53975|54009
53975|111040
53987|107028
54018|54018
54029|107044
54057|998
54072|19870
54101|117478
54122|80727
54130|102593
54135|95415
54217|73037
54218|97501
54222|107115
54258|130703
54270|171019
54275|13808
54282|28273
54300|408
54318|54319
54319|103114
54320|14598
54330|110880
54351|102418
54359|14570
54409|485
54444|72313
54505|81080
54597|44250
54705|43722
54712|24227
54718|317
54718|54718
54719|14590
54730|8
54753|84483
54758|45745
54758|54758
54820|18585
54845|44915
54852|10230
54852|48532
54872|12824
54881|88
54882|54892
54907|15538
54920|59
54920|459
54933|107370
54973|17944
54984|11808
55050|89891
55053|92719
55080|1034
55082|42182
55097|114248
55102|13808
55109|12595
55171|55181
55189|52888
55220|145375
55228|3007
55242|89149
55292|135380
55313|88
55349|23135
55401|3549
55410|20080
55415|5884
55489|349
55495|17198
55495|21842
55534|40703
55538|22814
55539|2333
55592|4259
55592|55592
55723|27184
55779|174595
55787|9218
55799|5281
55804|3533
55804|37737
55805|1988
55828|220
55839|88
55857|53920
55884|55885
55932|38001
55943|14572
55989|10710
57007|7898
57024|38040
57032|349
57044|13798
57050|49057
57105|14588
57114|57525
57155|1317
57304|9021
57358|11395
57393|99183
57415|21097
57449|99101
57452|135800
57472|4893
57489|50314
57504|19153
57508|99183
57521|19913
57521|31304
57537|57537
57543|57551
57551|57543
57570|115971
57582|73087
57714|88
57732|145928
57750|504
57754|130397
57808|43549
57913|1895
57939|4259
57941|17173
57953|52329
58008|20984
58021|37832
58021|54384
58037|27738
58074|57989
58074|58051
58124|21097
58129|14578
58145|58102
58145|77595
58147|21017
58147|49022
58170|35338
58179|59355
58180|34283
58234|47470
58253|14194
58329|2479
58330|2479
58334|308
58338|3393
58339|159824
58343|220
58343|739
58407|29212
58438|113099
58451|19135
58458|737
58471|110287
58518|101457
58519|103748
58532|1104
58532|120783
58532|124352
58574|1988
58597|29002
58732|52480
58737|27738
58738|53289
58738|120131
58740|531
58787|41928
58819|11752
58829|14138
58845|48207
58874|58873
58874|78114
58913|14889
58925|57257
58935|14578
58952|18439
58979|20922
58983|292
59049|8005
59081|28502
59093|175034
59113|59109
59155|2417
59177|2417
59177|32534
59210|88
59233|33280
59251|4875
59275|98585
59301|35738
59314|31740
59325|4259
59352|59357
59355|58179
59424|70858
59424|129208
59427|71141
59445|144351
59475|1722
59572|43924
59579|139321
59585|327
59588|21422
59592|2941
59714|14134
59717|84192
59738|59738
59747|220
59847|105441
59870|75785
59893|14075
59927|45407
59930|127572
59942|75847
59982|90574
70001|459
70008|55377
70013|175524
70037|97293
70134|33372
70144|8398
70151|88
70228|17112
70245|11555
70275|7
70275|55
70275|81
70275|511
70285|30807
70300|220
70322|177884
70392|322
70430|17811
70430|81232
70441|94177
70471|25507
70480|18574
70482|572
70491|1999
70495|3547
70503|7898
70591|42354
70709|70730
70710|10751
70711|88
70711|24215
70731|3549
70747|152345
70748|220
70751|280
70778|28079
70780|129223
70789|22849
70815|72817
70832|4704
70837|112788
70842|70844
70844|27898
70881|12281
70930|38377
70948|1945
70989|70993
70993|2417
70993|5508
71009|8984
71037|519
71054|110414
71082|30714
71112|3374
71112|10482
71112|83387
71141|23518
71142|101151
71171|220
71204|55505
71207|31337
71220|78133
71229|71320
71233|7533
71244|489
71285|44939
71298|58141
71311|88
71325|48780
71395|35375
71414|100573
71507|21090
71554|34248
71585|35344
71593|14577
71744|47015
71770|519
71822|8938
71822|31783
71822|35375
71833|7271
71838|220
71838|94501
71857|118729
71858|220
71871|180302
71888|50218
71888|50293
71920|150312
71930|91779
72007|75213
72033|8895
72100|79195
72135|20849
72143|4479
72143|52182
72193|7930
72237|87732
72292|22798
72313|54444
72385|145802
72397|45082
72405|77043
72479|72087
72505|30199
72514|33805
72517|33805
72548|48350
72548|112127
72573|22734
72592|20214
72703|72713
72750|35292
72814|94990
72819|20920
72909|459
72918|80593
72949|8959
72991|32977
72992|23159
73003|38429
73004|73004
73005|119034
73077|4372
73077|23387
73085|553
73100|10580
73100|50945
73128|511
73132|88
73133|511
73142|43143
73222|421
73255|29378
73319|70518
73319|73325
73319|145405
73319|152241
73330|73319
73394|11255
73433|1880
73437|32033
73709|53930
73715|84833
73718|88
73749|73749
73820|88
73847|35434
73851|72823
73913|11984
73917|88
73931|1544
73932|39071
73942|73947
73950|107937
73951|24757
73973|59541
73993|71289
74021|74040
74030|28918
74098|17057
74125|108909
74218|31313
74234|31271
74234|47015
74354|35729
74531|71027
74592|58384
74701|45499
74754|5137
74774|173807
74778|13074
74779|15794
74837|1988
74889|74985
74898|32333
74900|2014
74910|93198
74912|55482
74924|220
74974|11555
74979|88
75000|103788
75014|117109
75022|37204
75034|11711
75054|2288
75080|1744
75081|88
75083|349
75083|3998
75101|11921
75121|15799
75138|75140
75157|179220
75213|127304
75272|77395
75334|7918
75348|10189
75348|115495
75377|135401
75381|349
75427|118700
75432|38377
75432|75448
75439|12281
75441|3998
75441|48555
75441|75441
75457|74595
75472|59155
75487|12434
75489|75448
75510|33359
75520|33718
75587|220
75598|5147
75598|53931
75711|35723
75711|81150
75718|88
75734|20939
75739|27037
75785|59870
75798|3998
75798|11991
75847|59942
75877|122591
75881|9021
75891|9021
75929|121074
75948|33247
75957|43952
75985|4435
75998|75990
77028|77009
77034|13854
77138|88392
77179|43701
77194|5211
77254|43704
77324|85139
77341|39054
77391|9997
77418|3584
77435|29978
77453|77431
77489|5907
77551|77545
77555|9021
77583|77545
77595|58102
77595|58145
77720|129495
77727|2177
77811|141477
77822|403
77837|2080
77904|10701
77904|29353
77909|88
77917|93088
77920|7898
77937|84832
77979|1014
77995|34319
78015|88
78028|2374
78043|407
78082|220
78083|2342
78084|1895
78092|920
78114|43848
78114|58874
78133|93529
78220|12937
78328|114925
78387|27939
78389|78387
78408|51523
78425|78418
78429|3772
78483|44003
78580|220
78591|18771
78701|13808
78701|80814
78742|14311
78790|113517
78849|10592
78872|9097
78873|459
78887|87003
78890|134502
78907|17138
78982|117790
79007|90900
79052|53248
79100|20975
79133|220
79133|1880
79134|51342
79145|10033
79152|10721
79155|10214
79175|220
79184|71422
79185|97157
79218|88
79227|37233
79241|159475
79247|138807
79251|24897
79281|1945
79321|88
79321|49877
79334|1210
79415|3875
79419|79423
79423|79419
79423|79441
79457|141049
79494|91430
79494|143238
79521|84
79521|15952
79529|79528
79538|88
79557|33072
79588|79589
79597|79597
79751|2153
79754|18353
79783|12281
79885|34354
79885|85817
79898|3571
79901|11555
79942|109721
79982|24503
79990|317
80009|2287
80009|97274
80018|115447
80044|80042
80084|5137
80084|80077
80087|973
80098|14889
80101|13797
80147|109534
80149|80871
80189|220
80229|150449
80271|91430
80284|53785
80294|145154
80302|17888
80322|54291
80431|72040
80431|143155
80439|19870
80491|88
80544|88
80577|15055
80593|72918
80599|43559
80728|135382
80731|50311
80770|43554
80774|80778
80799|52893
80802|920
80814|3998
80814|42182
80814|89805
80839|3719
80871|127543
80882|47035
80902|4957
80919|220
80921|88
80923|1988
80928|8135
80938|14731
80973|129378
80985|41425
81040|11972
81073|40121
81082|81087
81087|81082
81105|89291
81125|220
81150|35729
81150|88151
81181|2174
81181|5813
81181|15788
81181|17552
81182|17538
81183|81181
81187|47053
81188|43554
81191|138
81207|43528
81207|147581
81229|132878
81289|29773
81321|22734
81405|18792
81422|13808
81422|14454
81422|18313
81422|88041
81422|102844
81422|110878
81473|132319
81509|115351
81511|9021
81705|8381
81710|30598
81729|5019
81738|81739
81819|37040
81872|38583
81889|39782
81918|180877
81978|4344
81992|9893
81992|81992
82019|12344
82059|82057
82083|22472
82117|90083
82118|52888
82150|130183
82155|82155
82191|3998
82238|40253
82292|22073
82330|101253
82358|70340
82432|4558
82444|42410
82459|91499
82700|91447
82704|22705
82707|349
82717|220
82741|93147
82792|43022
82897|13808
82910|54978
82980|35150
82988|47783
83034|83034
83070|1019
83075|11588
83081|21295
83274|78275
83290|10445
83329|83343
83339|83343
83340|100832
83343|83339
83348|107701
83354|88
83354|5245
83377|10911
83382|43022
83382|55519
83409|84854
83431|8385
83434|89290
83443|50552
83479|9351
83494|89138
83503|95515
83515|110424
83572|100835
83700|130459
83750|33443
83752|135381
83792|102552
83800|28095
83814|82741
83827|2177
83827|22240
83921|83970
84000|153824
84059|84059
84082|30578
84112|132394
84187|77
84210|40414
84223|12824
84225|10179
84235|12937
84281|2014
84291|29159
84337|98859
84395|5113
84395|17538
84473|15538
84491|9919
84533|13808
84575|88954
84734|4177
84773|33307
84810|43547
84822|137589
84849|83409
84854|83409
84874|149190
84902|47251
84919|50229
84928|70035
84951|109191
84953|4974
84994|107240
85004|3227
85011|85013
85017|57908
85034|7570
85080|88
85084|79501
85108|53723
85111|125043
85139|2280
85140|27853
85140|85175
85192|5335
85244|43519
85279|2237
85290|73729
85312|24
85314|4309
85381|22114
85408|8757
85424|88
85424|85423
85424|93375
85470|29522
85479|134344
85485|49274
85513|85513
85582|220
85733|407
85739|32445
85739|39889
85788|11029
85802|101151
85929|85930
85930|25110
85930|55588
85983|42799
87004|42354
87024|2849
87030|3841
87049|3808
87072|9255
87281|121433
87287|7803
87328|87328
87330|73343
87347|12281
87349|12281
87392|12305
87398|170953
87434|173729
87508|87501
87529|21145
87552|14748
87570|23053
87707|85147
87718|134319
87771|97077
87798|220
87808|19908
87919|139837
87970|12473
88020|5185
88081|153591
88089|75923
88108|78037
88172|12790
88178|34385
88207|7811
88215|111954
88231|12594
88271|1852
88271|2244
88278|13808
88284|32119
88287|13708
88298|113279
88349|47095
88355|8321
88372|170804
88391|20191
88391|81878
88392|20152
88407|22814
88410|91115
88414|128500
88418|89033
88419|39384
88440|93138
88470|7790
88482|119547
88493|145482
88498|5907
88513|73152
88537|19944
88545|42825
88702|23422
88711|88
88711|349
88731|503
88738|29325
88758|349
88801|87373
88818|159978
88832|88834
88834|42947
88838|27723
88884|125232
88885|15
88900|10214
88900|88900
88901|5795
88902|48488
88938|88944
88939|88943
88944|88955
88952|80483
89002|122488
89033|20054
89072|3549
89091|17341
89131|139219
89134|7918
89154|152718
89274|14554
89280|89285
89295|2177
89341|5500
89373|317
89377|89380
89381|89380
89387|88
89420|74482
89452|20117
89479|34314
89514|132958
89573|58574
89575|74599
89594|8984
89709|88
89709|138
89709|213
89713|14454
89719|48325
89721|1503
89777|150343
89802|720
89802|9704
89803|89802
89805|9704
89805|17155
89805|20385
89805|27484
89805|30322
89805|35729
89805|89814
89815|89802
89833|19913
89928|127349
89949|97183
90014|13007
90021|27380
90031|88
90058|5245
90070|90073
90083|52897
90083|52919
90083|82117
90083|135185
90109|59821
90119|3003
90125|151578
90135|72185
90143|20535
90159|11200
90170|127299
90178|1435
90189|88
90202|88
90235|155004
90243|8942
90243|9475
90243|25890
90281|15480
90287|18575
90322|18388
90330|8005
90337|47108
90340|3749
90344|22199
90382|5014
90442|88
90454|118308
90474|155040
90495|3238
90522|38234
90543|245
90559|90558
90578|178395
90579|127388
90595|54354
90718|20231
90740|20187
90752|352
90752|4477
90793|32997
90801|88
90804|349
90804|3998
90825|80
90874|82020
90899|34248
90941|35359
90972|58102
91017|112853
91029|79054
91095|74040
91117|91115
91143|14470
91154|48984
91173|91175
91192|153710
91201|34337
91203|35941
91301|14593
91402|135499
91437|8135
91447|82700
91501|81877
91505|20120
91510|2153
91514|91518
91518|122433
91524|23259
91559|49035
91790|28854
91800|91798
91808|91811
91811|91808
91837|88
91843|55537
91850|22207
91873|7090
91899|118772
91910|40895
91920|957
91995|24532
92007|9104
92043|7133
92072|119473
92098|71141
92153|92173
92175|14957
92195|10815
92225|88
92250|92250
92273|349
92273|459
92274|13808
92274|14957
92287|4205
92344|23775
92384|79901
92423|21318
92425|4934
92432|1988
92489|511
92500|37502
92538|8913
92590|773
92592|88
92592|39102
92599|29988
92719|55053
92770|14729
92809|2594
92809|15873
92809|30350
92809|30400
92809|138291
92822|92824
92833|92834
92839|180204
92883|88
92934|92920
92974|8248
93009|173322
93031|123337
93042|35327
93051|23477
93097|22479
93103|4412
93120|42908
93122|40997
93127|40978
93129|52200
93138|42354
93147|9952
93147|82741
93147|93184
93158|773
93181|93148
93182|132832
93184|9951
93190|147145
93222|5125
93280|1315
93283|58883
93291|123435
93298|5335
93313|121293
93313|133434
93313|133443
93313|154575
93314|39089
93323|73933
93333|88
93334|7501
93337|1553
93343|73357
93343|137200
93375|93377
93378|47470
93379|21832
93379|103447
93411|349
93421|50297
93437|179033
93481|1134
93484|134895
93502|8073
93502|8081
93529|50227
93573|115597
93703|59784
93709|29721
93722|548
93739|1880
93743|4537
93751|78
93751|14577
93788|80518
93835|129070
93903|387
93913|27027
93919|21920
93980|1880
93981|2277
93990|3549
93991|822
94029|99870
94180|94179
94259|8209
94272|9892
94294|548
94347|10925
94478|41059
94488|143328
94497|130021
94500|47345
94553|88
94553|37952
94589|33432
94707|17245
94713|5537
94753|13889
94758|32015
94794|80512
94814|100948
94818|141008
94831|82039
94859|130828
94902|20122
94905|519
95004|35248
95008|83778
95017|20952
95017|39240
95017|44042
95017|55955
95017|57433
95027|8404
95027|31779
95050|94980
95051|77405
95088|128442
95099|4905
95102|21033
95122|19872
95141|47985
95170|821
95174|25571
95187|88
95197|39810
95220|94990
95270|9887
95299|95299
95301|95303
95312|15177
95328|59893
95330|49159
95397|1294
95405|50274
95415|4888
95422|111329
95493|24703
95509|95505
95512|43597
95525|44794
95532|42380
95538|3549
95549|8209
95553|11053
95553|82799
95582|10191
95585|15881
95592|14809
95722|54282
95733|10128
95740|9475
95742|15881
95742|44855
95745|150511
95772|2347
95778|2350
95872|220
95881|88
97028|1174
97029|29934
97029|104108
97043|71141
97047|37121
97049|30223
97072|159795
97102|511
97102|4378
97102|47220
97129|13813
97129|43742
97180|89018
97183|122452
97293|70037
97302|11837
97311|32295
97478|115447
97479|97474
97483|89338
97485|117855
97485|134082
97501|54218
97504|14209
97519|132182
97520|17155
97557|37430
97573|10033
97575|70495
97583|58833
97599|349
97700|91115
97708|52909
97742|2949
97755|220
97820|44427
97834|13252
97853|102832
97888|7259
97894|71
97971|29197
97978|22421
98017|22034
98017|98134
98095|31453
98124|220
98180|15821
98203|83705
98204|88
98204|11991
98204|82823
98204|98204
98204|103447
98209|13141
98272|98278
98278|98272
98354|88
98358|153030
98397|77479
98425|98433
98430|88
98433|88
98554|42511
98572|50227
98593|35909
98728|114950
98785|37832
98815|29542
98852|10232
98853|3549
98882|52770
98907|57122
98919|123737
98947|71141
99019|105539
99121|178028
99127|28091
99185|4893
99395|327
99399|12829
99402|22470
99445|57245
99452|317
99455|4428
99532|3419
99548|327
99707|38790
99717|53505
99741|4893
99749|15178
99833|349
99859|99857
99879|30374
100005|177970
100049|100049
100073|59424
100090|17098
100103|45474
100187|35929
100243|55307
100289|80
100289|19320
100322|28090
100351|100351
100397|100374
100404|4259
100411|70048
100429|32948
100434|32948
100493|220
100512|100512
100558|3549
100573|483
100573|71414
100577|7783
100771|4378
100778|1897
100779|94720
100787|112308
100788|112325
100799|173188
100841|2353
100859|100858
100881|88
100912|387
100917|107449
100953|4019
100988|21002
101022|88
101050|84
101154|55389
101174|88
101188|4893
101219|21819
101230|88
101238|9021
101253|180938
101298|110878
101328|2911
101448|118818
101479|40214
101494|240
101525|97055
101582|220
101593|118818
101718|127397
101727|52403
101754|143097
101779|100582
101837|37502
101837|42510
101845|27705
101845|50308
101873|97197
101899|34333
101910|85935
101919|55337
101978|14877
101987|2900
101993|21279
102000|30179
102132|2908
102132|40220
102159|2908
102174|102174
102184|51742
102185|245
102193|17012
102203|22512
102301|4910
102301|14075
102309|49022
102320|34950
102324|50290
102324|120190
102372|33488
102377|14598
102394|88
102394|30222
102418|107184
102459|19913
102504|9025
102517|14075
102523|19153
102524|55152
102589|127823
102591|32979
102591|117478
102721|2920
102724|40225
102787|8157
102800|102803
102834|21287
102848|102841
102857|88015
102918|150234
102938|88
102942|48731
102949|3547
102949|102949
102985|115981
103008|37502
103111|29225
103175|71574
103181|10814
103211|3372
103224|101380
103293|50297
103293|77555
103320|31551
103343|103344
103377|103381
103442|38779
103447|547
103447|98204
103447|173981
103471|108702
103478|143120
103497|88
103521|47881
103532|1553
103532|2288
103532|37755
103550|88
103554|103554
103555|4259
103570|220
103730|13984
103759|15210
103777|245
103900|220
103917|32704
103943|8925
103999|383
104039|20191
104049|519
104049|48510
104057|59915
104057|104053
104071|40522
104154|25211
104230|34754
104232|32118
104255|102222
104272|43319
104278|58518
104321|2898
104358|104354
104359|104354
104480|2837
104512|24817
104537|28582
104540|2480
104541|42170
104543|7782
104543|11711
104705|102418
104714|283
104770|91430
104774|142988
104782|119779
104815|17871
104859|19
104897|4905
104912|104911
104958|8498
105035|11333
105082|173589
105085|7932
105118|23205
105129|8992
105132|8927
105143|9021
105170|75908
105183|144011
105315|977
105491|5792
105495|105902
105580|13059
105700|120720
105731|12751
105731|74778
105731|159599
105793|110880
105814|3998
105990|57122
107040|83921
107040|83970
107050|88
107142|54504
107184|102418
107185|58999
107185|107198
107209|59985
107231|13092
107253|19424
107281|52932
107289|579
107311|57987
107340|248
107383|12281
107402|59273
107403|107404
107481|2890
107481|3850
107711|5590
107712|149893
107713|88
107743|15801
107744|102213
107771|51544
107804|52284
107820|110370
107825|27980
107829|88
107835|88
107842|3998
107891|33399
107949|322
107954|71414
108013|114
108123|220
108158|29813
108198|7013
108207|74874
108285|102175
108328|108332
108372|71854
108383|23432
108383|98531
108391|18325
108421|87948
108440|23940
108497|23950
108513|108513
108535|50227
108538|14075
108585|3872
108702|103471
108730|349
108730|13813
108820|50848
108822|150237
108847|2177
108925|51892
108984|109001
109001|109004
109004|24758
109004|109001
109007|73939
109023|22734
109133|108513
109140|48502
109143|8732
109175|9021
109175|50244
109185|100370
109189|94713
109298|109299
109299|5251
109302|2435
109322|34284
109374|103832
109377|2280
109377|5380
109377|14725
109377|27872
109382|77194
109387|5185
109403|43701
109410|88
109415|74824
109428|231
109497|159142
109520|10313
109520|105322
109537|139024
109575|88229
109592|38238
109597|7214
109715|220
109735|109727
109742|25094
109744|109742
109755|45312
109759|109742
109829|70150
109872|8984
109872|27712
109897|172138
109909|24909
109929|1988
109929|45975
109949|99
109974|35801
109974|35824
109977|83284
109994|92274
110009|12344
110050|9021
110114|9838
110139|4134
110144|75548
110149|88
110171|18325
110209|110202
110223|8993
110290|8984
110331|53580
110370|408
110370|503
110370|4283
110370|7294
110370|17538
110370|45833
110370|94209
110389|983
110390|32853
110413|28524
110434|88
110434|2373
110447|4904
110447|34959
110447|40312
110483|77230
110502|19872
110522|3998
110551|110551
110587|80431
110812|98900
110873|327
110901|205
110903|88
110903|13808
110903|21949
110929|9021
111105|118298
111113|90083
111114|90083
111144|5772
111189|44042
111315|119590
111318|149483
111333|52829
111358|93502
111393|98383
111407|73343
111444|2237
111452|19118
111494|21198
111494|111491
111501|2110
111503|130412
111535|2402
111570|88
111570|39420
111740|94233
111754|111755
111757|14075
111821|38432
111843|220
111871|702
111911|22781
111950|32427
112023|181547
112024|112025
112025|112025
112122|574
112127|3549
112127|4405
112140|14875
112227|27872
112283|38717
112308|100787
112325|100788
112331|88
112401|78492
112424|22339
112432|49590
112474|34324
112523|88
112593|94320
112745|38237
112772|10128
112779|2237
112983|133214
113001|7533
113008|33723
113034|510
113154|38237
113182|3237
113242|20213
113341|58574
113395|47015
113405|27738
113417|88
113424|10159
113448|9914
113495|50552
113498|48113
113517|18450
113517|20982
113517|78790
113517|89201
113517|137708
113538|85408
113543|2177
113577|5005
113577|48437
113705|39581
113729|34312
113759|93511
113779|50940
113782|88
113785|2934
113801|180024
113805|75210
113925|157171
113929|220
114081|19944
114121|85011
114149|42993
114157|28253
114199|29493
114220|4259
114224|92920
114230|114207
114233|2512
114248|83377
114273|7803
114273|29578
114273|114259
114288|48047
114289|408
114298|3393
114308|144822
114314|121820
114321|171030
114339|2813
114343|32334
114349|47470
114358|1082
114377|349
114379|88
114407|141180
114429|18233
114484|12288
114503|77837
114515|12241
114515|12270
114515|12379
114523|5245
114597|41152
114599|220
114740|44117
114781|157238
114782|137740
114783|47593
114938|24443
114953|50534
114955|51524
114970|94901
114982|153474
115002|34027
115054|21979
115074|8404
115074|9191
115084|142278
115089|220
115089|2014
115093|2941
115093|4830
115100|157238
115101|13122
115125|10403
115172|151414
115199|3998
115228|2402
115235|91430
115292|32445
115295|31175
115307|114835
115324|58285
115335|14525
115371|89842
115384|57559
115393|112185
115422|115421
115428|15847
115447|97478
115457|14454
115473|8925
115495|75348
115495|129554
115555|179720
115558|75458
115747|33150
115783|115785
115791|14454
115803|142258
115808|139593
115813|39498
115859|115880
115920|47349
115920|47397
115941|7783
115981|102985
115989|75058
117037|43704
117047|91021
117103|59987
117108|88
117130|80429
117190|49012
117234|17192
117243|88
117243|33990
117287|117291
117350|2401
117381|127420
117424|34990
117437|117430
117437|117434
117478|72927
117478|102591
117500|7383
117505|22883
117515|24224
117523|47077
117543|15754
117787|117788
117825|113340
117852|14412
117878|90083
117915|101201
117931|51924
117971|1478
117978|1478
118079|72185
118081|88
118081|3549
118140|57137
118150|55955
118209|114991
118210|20227
118370|11118
118394|4259
118424|32972
118472|34049
118480|11817
118480|14201
118480|173352
118481|220
118493|154497
118499|88
118513|118514
118524|151920
118544|385
118714|1834
118724|850
118724|1945
118728|11991
118729|1720
118729|71857
118729|118724
118732|7025
118737|25482
118758|1880
118772|91899
118779|118780
118781|4934
118818|973
118887|118887
118922|220
118927|330
118955|23775
118997|12511
119087|130914
119089|100512
119099|83190
119102|28091
119130|21578
119134|20053
119135|3228
119178|188
119333|9724
119333|13820
119333|14957
119333|49108
119333|119332
119333|152007
119425|327
119425|12928
119432|2177
119435|2014
119442|38301
119447|178709
119517|3444
119547|148775
119559|18771
119578|1877
119701|20919
119701|30231
119701|33488
119701|35338
119703|119705
119704|119705
119705|119703
119738|119738
119748|34810
119755|38737
119783|143185
119823|99051
119825|102390
119848|1577
119873|34852
119940|89995
120112|29521
120175|10189
120201|88
120214|20483
120289|99
120308|59207
120310|88
120372|9497
120377|11059
120379|11921
120398|317
120415|45297
120583|2870
120719|77555
120720|120719
120727|120719
120729|132317
120734|17989
120747|408
120755|88
120789|1880
120802|34810
120882|53515
120884|73950
120898|41328
120915|120914
121102|139950
121115|88
121122|2898
121292|39029
121359|121353
121410|2342
121414|11991
121422|12281
121428|9278
121428|13074
121433|88
121433|37428
121472|2280
121477|2288
121477|153971
121505|138197
121515|154305
121525|2014
121580|49148
121588|121588
121700|23725
121733|92575
121744|20150
121907|18431
121922|4498
121941|42071
122032|2288
122087|122102
122103|97191
122123|122207
122123|157348
122175|51889
122175|130719
122175|179980
122274|33355
122280|2353
122387|58978
122452|97183
122491|122473
122537|28205
122557|22252
122588|132830
122712|13808
122729|14721
122739|59788
122773|114958
122793|92575
122800|7215
122809|10829
122822|9071
122854|122855
122879|9914
122880|4740
122888|352
122888|12748
122913|20011
122939|317
122949|145815
123052|14572
123077|4317
123084|10741
123084|48350
123195|8903
123205|35340
123225|110880
123237|12748
123248|179509
123337|93031
123354|42432
123370|7279
123402|20878
123404|123404
123418|88
123444|123445
123470|58980
123505|88
123505|53497
123571|21280
123787|25733
123795|23028
123939|123938
123942|40293
123958|110903
123985|88
124048|9003
124110|33280
124143|49540
124192|118818
124194|57257
124219|8984
124227|8959
124258|15285
124341|223
124379|121322
124392|10813
124708|29323
124732|124732
124734|3278
124790|2188
124798|383
124804|45948
124849|97187
124887|97181
124918|220
124925|220
124925|327
124949|317
124952|88
124953|349
124977|515
125007|485
125008|220
125052|172171
125125|125120
125178|128829
125192|24873
125207|119927
125253|408
125257|88707
125274|93208
125278|2188
125279|515
125291|12281
125305|14575
125305|35553
125305|101251
125331|31224
125341|8835
125344|101201
125489|48233
125490|159992
125491|88
125491|8294
125509|125504
125519|24921
125549|78445
125552|27738
125583|18451
125702|95053
125720|34798
125738|125737
125748|88
125748|3998
125817|39517
125840|45533
125853|125853
125855|5795
125857|1988
125921|17075
125982|52094
127018|220
127083|2487
127174|13799
127178|88
127207|34103
127231|349
127258|88
127259|127580
127291|40251
127293|91518
127299|90170
127325|38025
127371|91700
127373|91702
127397|101718
127401|2885
127401|101987
127405|92490
127442|55955
127445|48020
127508|129441
127524|12421
127559|115497
127572|59930
127592|1092
127701|29020
127704|14842
127720|1988
127745|144559
127755|349
127755|12818
127791|125208
127807|7133
127829|43
127878|79833
127920|48505
127927|139898
127944|52901
127979|53853
127985|129817
128001|109191
128003|113489
128120|72207
128202|171744
128205|220
128223|2177
128237|50920
128240|958
128422|57987
128429|4905
128491|34314
128497|352
128515|9704
128539|20117
128878|220
128885|20553
128939|38448
128974|3225
128987|141328
129032|129033
129033|129032
129092|90581
129151|12281
129200|1988
129217|157214
129220|97172
129325|220
129341|13222
129343|2941
129387|3549
129388|90488
129435|58522
129489|2417
129489|81597
129495|77720
129515|13001
129533|129534
129538|118729
129559|13102
129589|104109
129595|129597
129743|70424
129749|98015
129804|1478
129812|31403
129824|38235
129885|13842
129909|55597
129912|1880
129924|14721
129924|28390
129949|39070
129953|55801
130024|43580
130035|22028
130037|88
130091|19908
130099|148702
130175|74115
130253|8949
130281|3799
130309|48745
130388|34931
130449|103759
130455|4322
130457|83389
130470|5193
130555|9254
130703|54258
130735|47477
130744|13722
130750|177859
130774|93170
130793|3549
130797|129757
130813|352
130814|130815
130815|130814
131000|41278
131015|94221
131035|131039
131039|131035
131043|24750
131122|47821
131157|13420
131227|53782
131231|131228
131304|125270
131318|2055
131329|131355
131340|131327
131345|131334
131488|112303
131490|34519
131500|138
131500|30578
131500|73933
131505|5041
131581|32979
131591|41118
131729|97599
131755|7477
131829|88
131832|9858
131894|20
131972|220
132000|44459
132019|17012
132019|114370
132073|53920
132081|157820
132118|88
132148|99597
132180|10487
132225|7937
132304|47794
132317|120729
132379|24755
132394|84112
132398|93500
132399|84112
132399|93502
132404|88
132404|132394
132417|51995
132474|104427
132521|53331
132588|205
132727|4994
132741|9195
132751|2274
132751|132751
132774|124878
132778|112050
132778|137592
132797|115047
132801|13808
132819|53421
132820|88
132820|3972
132820|32534
132822|2517
132830|122588
132832|18091
132857|88
132857|15451
132857|89805
132870|132870
132878|53539
133005|553
133124|45391
133130|22470
133130|107804
133130|124787
133132|5245
133145|4514
133180|44299
133181|55209
133188|84
133204|7214
133219|133218
133233|2417
133325|97179
133347|133341
133354|128004
133398|133398
133434|39089
133434|93308
133434|93313
133440|39102
133443|93313
133491|3549
133511|220
133513|3419
133580|105108
133580|124799
133780|72185
133905|349
133933|133933
133935|133933
134025|47198
134030|4259
134031|88
134078|30513
134082|97485
134088|4427
134090|88
134105|134112
134112|134105
134125|143950
134145|8399
134147|14220
134148|510
134152|5245
134194|9100
134249|87149
134270|77904
134300|352
134304|9101
134305|34312
134319|8745
134319|9021
134319|125593
134331|19995
134333|9021
134428|27155
134477|114237
134482|108201
134505|27145
134588|141745
134735|88
134739|32499
134743|34712
134758|1843
134833|134838
134837|122488
134843|220
134889|32247
134938|2885
135009|45747
135018|220
135110|13813
135170|11053
135170|43594
135182|88
135185|90083
135207|7090
135223|180149
135234|37958
135248|20242
135259|82000
135318|327
135320|3549
135338|148503
135382|87045
135401|75377
135408|135412
135421|12744
135432|135435
135455|58255
135493|101478
135521|135523
135523|117157
135523|135521
135555|13428
135718|135717
135721|121433
135722|25020
135724|135724
135887|28458
135914|18498
137039|11882
137055|138
137057|220
137098|55915
137121|2237
137140|137157
137145|98931
137193|17983
137225|7803
137329|10534
137329|15732
137329|143525
137341|88
137344|2287
137358|42179
137387|10742
137402|7334
137405|11711
137433|55052
137443|220
137592|132778
137722|9107
137733|8383
137744|129242
137979|174213
138018|35814
138083|138072
138114|88
138192|4284
138209|179008
138231|3549
138277|22820
138290|95394
138395|88
138395|29229
138412|50299
138412|50770
138417|11711
138448|88
138457|47797
138502|23195
138511|113995
138779|138777
138795|30798
138807|79247
138849|213
138978|5830
138979|5830
139000|2153
139024|140185
139125|7825
139174|88
139197|139195
139213|32319
139219|89131
139230|20483
139254|38999
139311|317
139311|11444
139321|59579
139407|349
139450|511
139450|14454
139450|91840
139534|139535
139583|95137
139713|9798
139734|571
139797|8391
139878|88
139878|102591
139895|4289
139898|127927
139941|139942
140003|140001
140038|37341
140055|4735
140089|4974
140089|48047
140183|119018
140185|12352
140185|139024
140202|27079
140242|352
140242|140555
140248|1322
140299|49831
140300|54838
140342|210
140395|75037
140397|85028
140422|43577
140503|13092
140532|55181
140532|134241
140558|88
140723|2417
140852|447
140987|170219
141031|389
141049|79457
141100|3549
141102|408
141137|220
141171|59985
141189|88
141249|5011
141288|28988
141302|138732
141328|128987
141417|151830
141492|4852
141518|102225
141714|349
141717|59502
141737|4477
141739|5793
141758|15840
141788|28529
141791|220
141878|141875
141889|141892
141905|59
141905|88
141929|220
141935|10921
141959|19182
141972|111422
141990|32484
142013|20880
142081|142081
142147|91904
142148|29483
142208|88
142225|10203
142279|133738
142290|5121
142290|33150
142332|129304
142393|142392
142478|2014
142495|11423
142495|14890
142495|40407
142543|88
142543|135521
142580|93170
142582|40990
142723|15158
142734|47490
142755|137992
142887|79424
142890|53880
142895|119783
142905|85083
142921|91430
142927|119772
142927|119805
142930|109270
142931|142870
142934|112977
142948|79494
142988|104774
143104|88
143104|9101
143134|220
143155|117015
143158|143159
143159|143158
143185|119783
143193|2817
143274|25472
143312|10179
143372|550
143374|2014
143453|40407
143500|142575
143500|143500
143543|12714
143543|52200
143550|2188
143794|17222
143800|88
143825|4344
143834|38785
143957|38941
143992|2417
144058|102418
144094|42884
144104|13808
144144|11835
144151|70022
144184|19159
144204|14075
144204|28137
144204|43993
144204|48780
144204|49180
144204|57121
144204|58744
144223|220
144327|72174
144340|705
144348|155877
144350|49448
144351|42178
144351|49397
144351|50528
144409|88
144422|32733
144534|31724
144828|88
144901|138718
144935|7533
144950|7953
145028|51429
145085|2915
145097|52901
145097|179132
145108|88
145113|1988
145131|145125
145133|3393
145154|80294
145285|40843
145299|41893
145315|47211
145355|110879
145405|71335
145501|98100
145574|135913
145703|133572
145728|145735
145735|145728
145851|10822
145884|12087
145891|42309
145941|20150
145981|145982
147047|51749
147125|220
147137|11178
147190|349
147241|220
147289|14528
147297|485
147314|9179
147335|88
147494|88
147519|119772
147524|91430
147559|1131
147712|978
147739|44795
147753|14454
147753|17989
147770|27872
147804|13808
147804|74030
147804|135875
148000|11341
148001|18872
148034|220
148051|14887
148092|88
148118|503
148150|1270
148150|17155
148158|7740
148219|3549
148224|10121
148228|148228
148245|148245
148251|9025
148281|50205
148288|12220
148318|2517
148387|38445
148413|30345
148527|317
148558|35945
148702|24755
148719|2417
148738|213
148793|3549
148879|45583
149054|142954
149055|79425
149090|149089
149144|8005
149183|181887
149190|84874
149211|149207
149252|94109
149253|13222
149327|2177
149327|18104
149327|84833
149327|113549
149342|137947
149420|7919
149428|317
149443|1988
149447|45319
149478|330
149483|111318
149517|19844
149518|44303
149533|93
149598|28723
149705|108047
149783|34587
149794|93318
149827|10924
149831|10704
149831|49351
149831|71112
149840|3549
149883|151791
149935|149933
149939|13984
149942|15538
149959|88
150023|73100
150032|2911
150035|349
150104|150105
150138|87024
150227|349
150281|49425
150302|51247
150305|2138
150358|38575
150471|100727
150473|81278
150510|97599
150520|10194
150520|149581
150527|2249
150534|42189
150743|10121
150743|50945
150784|172107
150800|103530
150805|8425
150874|171287
150889|150890
150905|30230
150908|153585
150984|220
150989|10924
151014|7284
151029|548
151045|2177
151079|88
151159|15885
151193|13235
151195|88
151198|77188
151258|1880
151279|20400
151389|98241
151412|159140
151450|105244
151457|45144
151505|53113
151517|2320
151520|12741
151541|151541
151551|10518
151557|14554
151571|182249
151582|58035
151707|104500
151710|134517
151748|220
151770|2739
151809|91948
151821|220
151848|715
151889|151891
151891|2014
151920|118524
151949|74014
151974|151975
151975|151974
151980|249
152019|220
152033|352
152091|110223
152115|317
152140|50052
152234|71359
152297|88
152309|88
152309|437
152309|14454
152359|283
152431|29008
152455|19789
152483|22321
152541|231
152579|88
152579|349
152755|88
152817|91882
152838|14572
152870|48901
152874|44902
152875|152875
152879|2237
152924|7131
152927|152928
153015|55955
153030|98358
153035|83248
153073|14988
153091|101479
153101|50012
153175|4378
153197|12937
153197|44290
153208|129801
153249|582
153341|41385
153402|2417
153402|7533
153535|88
153711|153711
153777|13241
153945|25798
154101|154105
154104|30979
154111|3808
154281|88
154332|349
154398|3994
154427|127123
154480|80295
154493|4259
154531|105717
154581|47499
154581|93312
154738|15434
154775|122488
154817|29205
154842|10924
154857|159712
154857|178187
154889|154890
154890|154889
154934|327
155147|45847
155252|88
155277|18575
155289|141375
155310|88091
155344|133219
155424|52792
155425|27972
155435|42177
155480|17902
155513|3810
155541|42172
155821|52908
155871|173705
155959|44117
155979|11193
157092|104149
157109|52455
157214|129217
157238|115100
157322|14890
157331|220
157331|57322
157337|52514
157351|88572
157452|81730
157514|49007
157519|23570
157705|7551
157724|30231
157724|37502
157800|21270
157828|23570
157837|349
157837|94501
157845|49397
157845|133057
157849|57122
157859|349
157907|118818
157920|327
157921|11329
157937|37444
157978|19081
158001|88
158003|925
158092|389
158097|4394
158105|81132
158111|130920
158112|94713
158125|11118
158140|220
158155|4134
158180|129831
158199|59000
158228|71
158271|220
158339|291
158372|3374
158380|52504
158427|84
158472|81918
158575|2312
158705|59893
158780|47509
158780|73933
158839|1951
158950|24599
158955|15285
158975|5982
158977|5982
158980|55382
158989|75458
159021|142958
159049|4528
159150|235
159150|40218
159158|159159
159202|2353
159231|88
159231|12947
159257|29477
159329|105183
159335|1988
159381|14890
159450|58754
159483|3441
159599|11998
159729|49448
159771|280
159795|97072
159812|980
159830|38788
159855|327
159871|12748
159874|159873
159943|118397
159978|88818
159994|44014
170080|9938
170108|114929
170128|51543
170159|8925
170211|114312
170234|42721
170315|9100
170333|9021
170391|19222
170458|9050
170478|4394
170503|2193
170513|548
170559|1988
170559|179848
170571|18014
170708|173159
170710|147701
170752|171579
170779|178023
170799|40253
170804|88372
170811|124957
170848|2417
170848|97328
170851|58522
170913|95018
171014|93
171019|54270
171030|114321
171070|32432
171173|74387
171253|22783
171299|104053
171303|31212
171378|10928
171398|39280
171423|171422
171440|3549
171457|3237
171474|171475
171538|104538
171550|83583
171557|220
171710|30980
171734|8
171734|32901
171734|114048
171741|220
171744|128202
171749|437
171750|3972
171811|150520
171813|144119
171848|81925
171851|1880
171873|131230
171874|171877
171875|171874
171877|171874
171912|88
171983|220
171997|30223
172022|3419
172033|3549
172058|88
172079|88
172138|109897
172212|90
172241|27919
172242|220
172274|159410
172373|29288
172389|109072
172457|180273
172570|40087
172582|42354
172599|2757
172599|7180
172599|41810
172599|172593
172795|88
172825|172829
172888|28521
173078|8294
173091|2177
173130|113704
173294|127431
173305|23570
173309|89188
173352|118480
173377|41089
173380|145479
173400|18097
173407|173420
173420|173407
173474|5120
173500|10914
173572|3808
173702|3972
173790|58522
173791|122488
173793|57543
173807|74774
173910|28739
173957|88
173980|42182
174024|42907
174027|14890
174029|48004
174154|51742
174159|2921
174199|245
174205|177238
174213|137979
174312|174312
174323|220
174342|30039
174353|12928
174354|1373
174383|128723
174392|130570
174412|145294
174435|220
174481|220
174492|301
174511|114152
174548|14031
174572|88
174573|42208
174595|55779
174742|40757
174754|2288
174775|95
174859|171
174859|323
174859|327
174859|489
174859|702
174859|2048
174859|5335
174859|27841
174859|50182
174909|29542
174980|9021
174982|8928
174985|485
175010|122095
175028|24443
175070|142901
175088|34235
175088|175209
175102|14197
175111|118088
175337|2233
175400|349
175403|19253
175404|54917
175408|37979
175431|88
175470|21397
175503|179183
175525|88
175570|308
175578|50893
175718|29434
175790|10707
175839|50909
175882|283
175940|117859
177031|88
177082|3374
177107|29542
177117|177120
177130|22052
177137|43
177145|177149
177149|177145
177175|317
177272|59053
177439|72313
177441|14134
177484|220
177517|2177
177597|22021
177735|548
177812|138323
177859|130750
177881|3298
177881|5792
177884|70322
177884|114271
177892|7275
177898|29175
177903|157021
177908|42172
177970|100005
177971|100005
177979|71514
177985|3549
177998|18792
178028|99121
178093|75458
178145|88
178173|83511
178219|5335
178242|130875
178343|128842
178377|44795
178381|10128
178395|90578
178520|18792
178557|511
178582|95509
178709|119447
178883|88
178898|33940
178898|135544
178957|31271
178973|25907
178973|157408
179009|88
179018|179019
179019|179018
179082|27872
179132|145097
179151|5957
179358|8295
179401|3549
179410|13854
179419|9851
179473|174817
179509|177812
179701|349
179720|115555
179725|94578
179735|179743
179740|179735
179784|47579
179795|121801
179848|170559
179959|178105
179980|122175
179984|40282
180038|375
180041|134271
180132|55181
180149|135223
180172|180173
180181|37523
180199|150718
180204|92839
180273|172457
180298|150508
180299|92747
180302|71871
180304|1988
180339|180338
180373|71
180412|118818
180413|14919
180459|5245
180459|14721
180483|88
180484|173705
180489|8302
180502|180501
180520|122488
180598|73478
180713|3374
180727|157359
180734|101872
180735|122087
180779|144011
180824|327
180853|23801
180855|3341
180857|12023
180857|17129
180877|81918
180889|114955
180932|153851
180941|519
180985|9959
181018|19149
181078|10194
181119|10907
181153|88
181217|2813
181230|50505
181321|213
181332|408
181344|317
181344|1250
181353|12352
181357|152137
181425|30598
181541|4259
181755|5989
181788|13899
181842|220
181848|181848
181990|88
182007|50901
182039|74294
182180|1553
182193|174485
182245|88
